{
    "entity": {
        "mrr": 0.0752464188473878,
        "hits1": 0.030026785846417946,
        "hits3": 0.09904843650570494,
        "hits5": 0.13421040948307755,
        "hits10": 0.16022671777189115
    },
    "relation": {
        "mrr": 0.8497200415627806,
        "hits1": 0.8107196837577026,
        "hits3": 0.8747820020927799,
        "hits5": 0.8940355772584583,
        "hits10": 0.9114521567259621
    },
    "ht": {
        "mrr": 0.07491063041635682,
        "hits1": 0.02554135460761967,
        "hits3": 0.09728101595571476,
        "hits5": 0.14028410941061545,
        "hits10": 0.16385135135135134
    },
    "2-ht": {
        "mrr": 0.03577017978889765,
        "hits1": 0.023039262743592206,
        "hits3": 0.03585485264471537,
        "hits5": 0.0450225592781031,
        "hits10": 0.056494192185850056
    },
    "n-ht": {
        "mrr": 0.10372315774207527,
        "hits1": 0.02738322380043813,
        "hits3": 0.14249876333828,
        "hits5": 0.21040915836336654,
        "hits10": 0.24288036181188608
    },
    "r": {
        "mrr": 0.7788068149577118,
        "hits1": 0.7215076522305438,
        "hits3": 0.8145148160208401,
        "hits5": 0.842640833604689,
        "hits10": 0.8712959947899707
    },
    "2-r": {
        "mrr": 0.5462745276694405,
        "hits1": 0.4262263607564558,
        "hits3": 0.6192761831621388,
        "hits5": 0.6779303062302007,
        "hits10": 0.7401363156378996
    },
    "n-r": {
        "mrr": 0.9499812080523284,
        "hits1": 0.9388735778390219,
        "hits3": 0.9582361670553318,
        "hits5": 0.9638894777754222,
        "hits10": 0.9678467952794856
    },
    "n-a": {
        "mrr": 0.9442145987702075,
        "hits1": 0.9295980907956826,
        "hits3": 0.9550903075337637,
        "hits5": 0.9625210175191191,
        "hits10": 0.9649617616748929
    },
    "n-v": {
        "mrr": 0.0761413204228685,
        "hits1": 0.04198079947930791,
        "hits3": 0.10375874599989152,
        "hits5": 0.11802353962141346,
        "hits10": 0.15056679503172968
    }
}
